"id","name","opispl"
"166720251","Latarka z brelokiem","opis"
"166720243","Podwójna lampa solarna LED osobny panel żyrandol","opis"
"166720234","Puzzle do gry planszowej """"""""SAVING PENGUIN ON THE ICE""""""""","opis"
"166720224","Oświeć To All: Uniwersalna Latarka Brelok 8w1","opis"
"166720251","Latarka z brelokiem","opis"
"166720243","Podwójna lampa solarna LED osobny panel żyrandol","opis"
"166720234","Puzzle do gry planszowej """"""""SAVING PENGUIN ON THE ICE""""""""","opis"
"166720224","Oświeć To All: Uniwersalna Latarka Brelok 8w1","opis"
"166720215","Latarka LED z czujnikiem ruchu w 5 kolorach dla sportu W6126-5","opis"
"166720206","Rurociągowa Przygoda: Gra Logiczna","opis"
"166720196","Gra planszowa DIGIT-SINGLE Sudoku","opis"
"166720181","Kalendarz z zabawkami na Nowy Rok i Boże Narodzenie","opis"
"165947801","SŁUCHAWKI BEZPRZEWODOWE CZARNE","opis"
"165947799","ORTEX GERMAN STYLE Solar na baterię słoneczną USB + SD","opis"
"165947790","Oświetlenie szafki ze zdalnie sterowaną lampą LED","opis"
"165947785","Słuchawki bezprzewodowe nauszne GAMINGOWE","opis"
"165947779","SŁUCHAWKI GAMINGOWE BLUETOOTH LED RGB","opis"
"165947774","Słuchawki Bezprzewodowe Kocie Uszy","opis"
"165947765","Słuchawki dla dzieci bluetooth LED kocie uszy RGB","opis"
"165947754","Bezprzewodowe słuchawki dla dzieci ze kocimi uszami","opis"
"165947745","Bezprzewodowe słuchawki dziecięce z uszami i podświetleniem","opis"
"165947733","Lampa stołowa","opis"